gene.name ,group
Kif5a,stringent
Apc,stringent
Rapgef4,stringent
Pclo,stringent
Cdk16,stringent
Marf1,stringent
Map1b,stringent
Unc13c,stringent
Ank2,stringent
Pten,stringent
Ank3,stringent
Shank1,stringent
Sptbn2,stringent
Cyfip2,stringent
Sptbn1,stringent
Nckap1,stringent
Kif1a,stringent
Mbp,stringent
Tshz2,stringent
Huwe1,stringent
Pde2a,stringent
Agap2,stringent
Pum2,stringent
Pkp4,stringent
Zfr,stringent
Bsn,stringent
Hivep2,stringent
Dlg4,stringent
Map1a,stringent
Map2,stringent
Nsmf,stringent
Dennd5a,stringent
Tbc1d9b,stringent
Rasgrf1,stringent
Dlg2,stringent
Lrrc7,stringent
Fth1,stringent
2610507B11Rik,stringent
Nf1,stringent
Adcy1,stringent
Mobp,stringent
Usp34,stringent
Camk2n1,stringent
Nisch,stringent
Usp9x,stringent
Fbxl16,stringent
Gm15800,stringent
Brsk1,stringent
Wnk1,stringent
Camk2a,stringent
Dlgap1,stringent
Ttr,stringent
Arhgap32,stringent
Akap11,stringent
Chd3,stringent
Sipa1l1,stringent
Macf1,stringent
Unc80,stringent
Cnksr2,stringent
Tmem184c,stringent
Mapk8ip1,stringent
Kcnma1,stringent
Ids,stringent
Usf3,stringent
Nbea,stringent
Dst,stringent
Wac,stringent
4932438A13Rik,stringent
Trak2,stringent
Ube3b,stringent
Arhgap21,stringent
Plekhm2,stringent
Kif1b,stringent
Grin2a,stringent
Mprip,stringent
Wdfy3,stringent
Ptprj,stringent
Srrm2,stringent
Prr14l,stringent
Ulk2,stringent
Pcnx,stringent
Prrc2b,stringent
Arhgap5,stringent
Itpr1,stringent
Csnk1g2,stringent
Crebbp,stringent
Mycbp2,stringent
Mapk3,stringent
Eif4g2,stringent
Kansl1,stringent
Ttc3,stringent
Camta2,stringent
Lingo1,stringent
Lmtk2,stringent
Hipk1,stringent
Panx2,stringent
Myo5a,stringent
Arhgap35,stringent
Fry,stringent
Akap6,stringent
Xpo7,stringent
Rc3h2,stringent
Fam171b,stringent
Mast2,stringent
Aak1,stringent
Med14,stringent
Ncoa1,stringent
Prrc2a,stringent
Dpp8,stringent
Akt3,stringent
Ralgapa1,stringent
Rasgrp1,stringent
Rnf157,stringent
Ralgapb,stringent
Usp32,stringent
Adgrl1,stringent
Zfp148,stringent
Dync1h1,stringent
Ncor1,stringent
Rc3h1,stringent
Syngap1,stringent
Shank2,stringent
Bmpr2,stringent
Aff4,stringent
Lrrc8b,stringent
Htt,stringent
Dock9,stringent
Tshz3,stringent
Clasp2,stringent
Ankrd13c,stringent
Eef2,stringent
Trrap,stringent
Ctnnd2,stringent
Uhrf1bp1l,stringent
Ndst1,stringent
Vps13a,stringent
Ttbk2,stringent
Erbb2ip,stringent
Ubr4,stringent
Dmxl2,stringent
Cdkl5,stringent
Ccny,stringent
Xpr1,stringent
Zmiz1,stringent
Git1,stringent
Iqsec1,stringent
Arid1a,stringent
Zfp365,stringent
Hipk3,stringent
Ddn,stringent
Iqsec2,stringent
Grik5,stringent
Kcnh7,stringent
Cdc42bpa,stringent
Herc2,stringent
Rapgef1,stringent
Med13,stringent
Usp31,stringent
Ash1l,stringent
Npas2,stringent
Tanc2,stringent
Adgrb2,stringent
Gabra5,stringent
R3hdm1,stringent
Cep170b,stringent
Zmiz2,stringent
Ppp2r2c,stringent
Zeb2,stringent
Epb41l1,stringent
Stox2,stringent
Ppargc1a,stringent
Arfgef1,stringent
Lnpep,stringent
Atp2b2,stringent
Prpf8,stringent
Med13l,stringent
Arhgef17,stringent
Srgap3,stringent
Kif5c,stringent
Dmxl1,stringent
Pds5b,stringent
Ubr3,stringent
Nav3,stringent
Dock3,stringent
Frs2,stringent
Pitpnm2,stringent
Sptb,stringent
Hcn2,stringent
Camsap2,stringent
Kmt2d,stringent
Myo9a,stringent
Tcf25,stringent
Xpo6,stringent
Shank3,stringent
Ogdh,stringent
Prkce,stringent
Tulp4,stringent
Fmn2,stringent
Ppp1r9b,stringent
Ncor2,stringent
Herc1,stringent
Hivep1,stringent
Zfhx2,stringent
Rnf10,stringent
9930021J03Rik,stringent
Agtpbp1,stringent
Cmip,stringent
Sgsm2,stringent
Shc3,stringent
Hcfc1,stringent
Scmh1,stringent
Rasgef1a,stringent
Nedd4l,stringent
Zyg11b,stringent
Nr3c2,stringent
Zhx1,stringent
Nfat5,stringent
Pcdh11x,stringent
Nipbl,stringent
Birc6,stringent
Son,stringent
Tcf20,stringent
Ncoa6,stringent
Dopey2,stringent
Arel1,stringent
Frmpd4,stringent
Ntng2,stringent
Ndst3,stringent
Zbtb20,stringent
Sptan1,stringent
Kif5b,stringent
Pi4ka,stringent
Atn1,stringent
Dlgap3,stringent
Slc25a23,stringent
Vps13d,stringent
Kalrn,stringent
Sbf1,stringent
Ryr2,stringent
Snap91,stringent
Prrc2c,stringent
Syt7,stringent
Trip12,stringent
Large,stringent
Gm996,stringent
Ubap2l,stringent
Zfp106,stringent
Mon2,stringent
Pik3ca,stringent
Dgkz,stringent
Zfpm1,stringent
Mical2,stringent
Wnk3,stringent
Pacs2,stringent
Cacng7,stringent
Pcdh9,stringent
Ankrd12,stringent
Lrrtm2,stringent
Vps13b,stringent
Sphkap,stringent
Tnk2,stringent
Cnot1,stringent
Arap2,stringent
Dennd4a,stringent
Lrrc4c,stringent
Anks1b,stringent
Kmt2c,stringent
Aco2,stringent
Zmym2,stringent
Nsd1,stringent
Scn8a,stringent
Dynll2,stringent
Grin2b,stringent
Chst15,stringent
Trim37,stringent
Ranbp2,stringent
Clmn,stringent
Arl2bp,stringent
Zfp804a,stringent
Tlk1,stringent
Prkcb,stringent
Unc79,stringent
Ptpn4,stringent
Lyst,stringent
Stxbp5l,stringent
Rb1cc1,stringent
Ptprs,stringent
Dzip1,stringent
Pcdhac2,stringent
Tesk1,stringent
Zfp770,stringent
Mbd5,stringent
Trappc10,stringent
Rapgef2,stringent
Adgrl2,stringent
R3hdm2,stringent
Tnpo2,stringent
Scaf1,stringent
Foxk2,stringent
Dlg1,stringent
Crtc1,stringent
Sorbs2,stringent
Ncoa2,stringent
Tsc2,stringent
Slc4a4,stringent
Zc3h7b,stringent
Dock4,stringent
Sep-03,stringent
Stxbp1,stringent
Aff2,stringent
Ep400,stringent
Cab39,stringent
Fam179b,stringent
Trak1,stringent
Zfp236,stringent
Ttbk1,stringent
Pip5k1c,stringent
Ndst4,stringent
Ankrd17,stringent
Ocrl,stringent
Scn2a1,stringent
Abr,stringent
Dym,stringent
Zfp644,stringent
Ap2a2,stringent
Pbrm1,stringent
Parp6,stringent
Me1,High_binding
Ptgds,High_binding
Gltscr1l,High_binding
Ndrg2,High_binding
Cnih2,High_binding
Sorbs1,High_binding
Dlgap4,High_binding
Ep300,High_binding
Arhgap20,High_binding
Hipk2,High_binding
Kmt2e,High_binding
Smg7,High_binding
Cic,High_binding
Lgi2,High_binding
Apod,High_binding
Ssbp3,High_binding
Plp1,High_binding
Adnp,High_binding
Ube4a,High_binding
Lrrc8d,High_binding
B3galt1,High_binding
Qk,High_binding
Bcr,High_binding
Emsy,High_binding
Srcin1,High_binding
Asap1,High_binding
Nr2c2,High_binding
Anapc1,High_binding
Omg,High_binding
Arhgef4,High_binding
Usp6nl,High_binding
Clock,High_binding
Arid2,High_binding
Ubap2,High_binding
Prex2,High_binding
Ago2,High_binding
Zdbf2,High_binding
Lrrc4b,High_binding
Plec,High_binding
C77370,High_binding
Rims1,High_binding
Mtor,High_binding
Tenm3,High_binding
Cacnb4,High_binding
Atmin,High_binding
Mkl2,High_binding
Smg1,High_binding
Ick,High_binding
Kmt2a,High_binding
Chd5,High_binding
Ubr5,High_binding
Myo6,High_binding
Dmd,High_binding
Dnajc6,High_binding
Arhgef7,High_binding
Ube3c,High_binding
Gnb1,High_binding
Kcnb1,High_binding
Dock10,High_binding
Kctd1,High_binding
Cdk14,High_binding
Iqsec3,High_binding
Ppp1r37,High_binding
Prr12,High_binding
Spred1,High_binding
Tcf4,High_binding
Gid4,High_binding
Cacna1a,High_binding
Abca2,High_binding
Apba1,High_binding
9430020K01Rik,High_binding
Nfix,High_binding
Cit,High_binding
Auts2,High_binding
Spire1,High_binding
Samd4b,High_binding
Atxn2,High_binding
Nlgn2,High_binding
Srcap,High_binding
Rims2,High_binding
Ddx6,High_binding
Nrd1,High_binding
Magi2,High_binding
Fem1b,High_binding
Utrn,High_binding
Tex2,High_binding
Cdk5r2,High_binding
Scn1a,High_binding
Zfp458,High_binding
Drosha,High_binding
Wdtc1,High_binding
Dscam,High_binding
Tns3,High_binding
Setx,High_binding
Pcm1,High_binding
Sgip1,High_binding
Nr4a2,High_binding
Nup153,High_binding
Secisbp2l,High_binding
Fam120a,High_binding
Lrrc4,High_binding
Rapgefl1,High_binding
Cltc,High_binding
Psd,High_binding
Celf4,High_binding
Rasal2,High_binding
Pabpc1,High_binding
Ttll7,High_binding
Cacnb3,High_binding
Wwp1,High_binding
Hectd1,High_binding
Pde4a,High_binding
Prickle2,High_binding
Spen,High_binding
Slc17a7,High_binding
Bptf,High_binding
Stxbp5,High_binding
Arfgef3,High_binding
Pde8b,High_binding
Itsn1,High_binding
Fus,High_binding
Ptch1,High_binding
Snx13,High_binding
Clvs1,High_binding
Ppp2r3a,High_binding
Cacna1i,High_binding
Ssfa2,High_binding
Sos1,High_binding
Nrip1,High_binding
Srebf2,High_binding
Slc12a6,High_binding
Peak1,High_binding
Vps13c,High_binding
Bap1,High_binding
Fasn,High_binding
Arhgap33,High_binding
Rprd2,High_binding
2010300C02Rik,High_binding
Neurl1a,High_binding
Paxip1,High_binding
Ralgds,High_binding
Adrbk1,High_binding
Ube4b,High_binding
Ptprt,High_binding
Cobl,High_binding
Chn2,High_binding
Fat3,High_binding
Map3k12,High_binding
Clec16a,High_binding
Sobp,High_binding
Gnptab,High_binding
Celsr2,High_binding
Rph3a,High_binding
Trim33,High_binding
Brinp1,High_binding
Anapc5,High_binding
Braf,High_binding
Sipa1l3,High_binding
Tjp1,High_binding
Wnk2,High_binding
Zmym4,High_binding
Fyco1,High_binding
Epha6,High_binding
Aatk,High_binding
Nr3c1,High_binding
Prkdc,High_binding
Wdr13,High_binding
Gabbr1,High_binding
Arhgap44,High_binding
Nbeal1,High_binding
Madd,High_binding
Ipo7,High_binding
Adcy5,High_binding
Susd4,High_binding
Pdzd8,High_binding
Dlgap2,High_binding
Plxna1,High_binding
Gpbp1,High_binding
Sacs,High_binding
Pik3c2a,High_binding
Clasp1,High_binding
Peg3,High_binding
Dyrk1a,High_binding
Cbl,High_binding
Mta1,High_binding
Pgm2l1,High_binding
Igip,High_binding
Rpsa,High_binding
Zfyve9,High_binding
Pik3r1,High_binding
Kndc1,High_binding
Myt1l,High_binding
Prkcz,High_binding
Maml2,High_binding
Klhl29,High_binding
Shoc2,High_binding
Thra,High_binding
Zdhhc8,High_binding
Vwa5b2,High_binding
Pcdh10,High_binding
Trpc5,High_binding
Wdr26,High_binding
Dicer1,High_binding
Dennd5b,High_binding
Acaca,High_binding
Ttc7b,High_binding
Grik4,High_binding
Rfwd2,High_binding
Cul3,High_binding
Tenm4,High_binding
Dip2c,High_binding
Smarca2,High_binding
Gnaq,High_binding
Mapk8ip2,High_binding
Phlpp1,High_binding
Nos1,High_binding
Gucy1a2,High_binding
Smarcc2,High_binding
Ube3a,High_binding
Aff3,High_binding
Arid1b,High_binding
Usp24,High_binding
AI314180,High_binding
Snph,High_binding
Arhgef12,High_binding
Hivep3,High_binding
Tab2,High_binding
Hcn1,High_binding
Scrt1,High_binding
Gtf3c2,High_binding
Pnpla8,High_binding
Pitpnm1,High_binding
Igsf11,High_binding
Mast1,High_binding
Plxnd1,High_binding
Gnas,High_binding
Pde4d,High_binding
Gnal,High_binding
Dusp8,High_binding
Gsk3b,High_binding
Nfia,High_binding
Cep170,High_binding
Epb41l4b,High_binding
Ankrd11,High_binding
Tenm2,High_binding
Mga,High_binding
Pikfyve,High_binding
Rtn4,High_binding
Usp15,High_binding
Epas1,High_binding
Rundc3a,High_binding
Rps20,High_binding
Ski,High_binding
Rusc2,High_binding
Kcnh5,High_binding
Snx5,High_binding
Jph4,High_binding
Agap1,High_binding
Wdr7,High_binding
Dab2ip,High_binding
Kcnq3,High_binding
Tln2,High_binding
Apc2,High_binding
Slc1a2,High_binding
Fmnl2,High_binding
Sbf2,High_binding
Tshz1,High_binding
Dnajc13,High_binding
Dagla,High_binding
Btbd3,High_binding
Qser1,High_binding
Rictor,High_binding
Tnrc6b,High_binding
Mta3,High_binding
Ssbp2,High_binding
Kcnb2,High_binding
Micu3,High_binding
D17Wsu92e,High_binding
Pcnx2,High_binding
Rfx7,High_binding
Tnrc18,High_binding
Usp29,High_binding
Lats2,High_binding
Spag9,High_binding
Trio,High_binding
Adgrl3,High_binding
Arrb1,High_binding
Rab11b,High_binding
Psme4,High_binding
Cyld,High_binding
Begain,High_binding
Fam135a,High_binding
Jak2,High_binding
Cacna1g,High_binding
Sap130,High_binding
Ralgps1,High_binding
Gtdc1,High_binding
Larp1,High_binding
Dzank1,High_binding
Pik3cb,High_binding
Scap,High_binding
Pdzd2,High_binding
D430041D05Rik,High_binding
Helz,High_binding
Abi2,High_binding
Synj1,High_binding
Dusp7,High_binding
Zfp266,High_binding
Ckap5,High_binding
Kif21b,High_binding
Grm5,High_binding
Ppp1r9a,High_binding
Agap3,High_binding
Cep126,High_binding
Mdga2,High_binding
Exoc6b,High_binding
Arhgap39,High_binding
Taok1,High_binding
Nedd4,High_binding
Unc13a,High_binding
Rasgrf2,High_binding
Med12l,High_binding
Slitrk5,High_binding
Ppp2r5c,High_binding
Rb1,High_binding
Sec16a,High_binding
Atxn1,High_binding
Gbf1,High_binding
Npat,High_binding
Mtss1l,High_binding
Fam91a1,High_binding
Neurl4,High_binding
Ylpm1,High_binding
Unc5a,High_binding
Strbp,High_binding
Zfp52,High_binding
Ltn1,High_binding
Dopey1,High_binding
Ppp2r2b,High_binding
Trpm7,High_binding
Rap1gap2,High_binding
Ap1b1,High_binding
Nlgn1,High_binding
Hs6st3,High_binding
Foxj2,High_binding
Map3k10,High_binding
Kifc2,High_binding
Rasa1,High_binding
Ppp3cb,High_binding
Nav1,High_binding
Myo18a,High_binding
Nwd2,High_binding
Plxna4,High_binding
Btbd7,High_binding
Camta1,High_binding
Rasl10b,High_binding
Zbtb4,High_binding
Sp3,High_binding
Dip2b,High_binding
Sema7a,High_binding
Palm,High_binding
Gnao1,High_binding
Syn1,High_binding
Fam208b,High_binding
Eef1a1,High_binding
Bcl9,High_binding
Pan3,High_binding
Mid2,High_binding
Ccdc74a,High_binding
Hdac5,High_binding
Man2a2,High_binding
Zdhhc2,High_binding
Sec14l1,High_binding
Senp3,High_binding
Pcnx3,High_binding
Brd4,High_binding
Mef2d,High_binding
Synrg,High_binding
Nlk,High_binding
Armcx2,High_binding
Fam135b,High_binding
Lifr,High_binding
Fgf13,High_binding
Taf2,High_binding
Atxn7l3,High_binding
Rbl2,High_binding
Sec23a,High_binding
Ppp3ca,High_binding
Maneal,High_binding
Psd3,High_binding
Tiam1,High_binding
Btbd1,High_binding
Pdpk1,High_binding
Usp7,High_binding
Ap2b1,High_binding
Mapk6,High_binding
Cdk19,High_binding
Tmtc1,High_binding
Gltscr1,High_binding
Raph1,High_binding
Fbrsl1,High_binding
Jmjd1c,High_binding
Cdk13,High_binding
Tnks2,High_binding
Phactr1,High_binding
Inpp4a,High_binding
March8,High_binding
Dock1,High_binding
St6gal2,High_binding
Cux2,High_binding
Lrrk2,High_binding
Grin3a,High_binding
Gabra4,High_binding
Satb1,High_binding
Tro,High_binding
Fbxl17,High_binding
Zfp664,High_binding
Camsap1,High_binding
Mical3,High_binding
Fbxo11,High_binding
Lhx2,High_binding
Brsk2,High_binding
Ptprd,High_binding
Smurf2,High_binding
Arhgef10l,High_binding
Ulk1,High_binding
Pcsk1n,High_binding
Plxna2,High_binding
Zc3h14,High_binding
Ntrk3,High_binding
Tnpo3,High_binding
Setd1b,High_binding
Eps15,High_binding
Epc2,High_binding
Tbc1d9,High_binding
Mfhas1,High_binding
Meis2,High_binding
Myh10,High_binding
Tbc1d14,High_binding
Slc30a9,High_binding
Tpgs2,High_binding
Copa,High_binding
Rnf44,High_binding
Ipo5,High_binding
Dio2,High_binding
Nacc1,High_binding
Fam19a5,High_binding
B4galt6,High_binding
Reps2,High_binding
Ago1,High_binding
Ccdc88a,High_binding
Ppard,High_binding
Tmcc2,High_binding
Ar,High_binding
Zfp518a,High_binding
Neto1,High_binding
Dcaf6,High_binding
Ell2,High_binding
Foxp1,High_binding
Slitrk3,High_binding
Inpp5a,High_binding
Nhsl2,High_binding
Hecw1,High_binding
Ptpra,High_binding
Eif4g3,High_binding
Abhd8,High_binding
R3hdm4,High_binding
Zfp462,High_binding
Ifnar1,High_binding
Zfp706,High_binding
Setd5,High_binding
Dlc1,High_binding
Fam126b,High_binding
Sash1,High_binding
Gse1,High_binding
N4bp1,High_binding
Dync2h1,High_binding
Eif4g1,High_binding
Kcnd2,High_binding
Adarb1,High_binding
Trim9,High_binding
Chd6,High_binding
Ccser2,High_binding
Rev3l,High_binding
Pip5k1b,High_binding
Clip3,High_binding
Ipo9,High_binding
Grm3,High_binding
Epn1,High_binding
Plxnc1,High_binding
Zfp207,High_binding
Igsf9b,High_binding
Wwc2,High_binding
Pigq,High_binding
Lrch3,High_binding
Lrrc8a,High_binding
Whsc1l1,High_binding
Atf2,High_binding
Zfp280d,High_binding
Rps24,High_binding
Pum1,High_binding
Heatr5b,High_binding
Dtx1,High_binding
Cacna1e,High_binding
Ppp1r16b,High_binding
Btaf1,High_binding
Wdr17,High_binding
5031439G07Rik,High_binding
Dennd4b,High_binding
Ptprn2,High_binding
Doc2b,High_binding
Wsb2,High_binding
Prelid1,High_binding
B3gat1,High_binding
Jph3,High_binding
Ctnnb1,High_binding
Slc30a4,High_binding
Map3k7,High_binding
Zfp91,High_binding
Prkrir,High_binding
Rtn2,High_binding
Sik3,High_binding
Atm,High_binding
Rock2,High_binding
Entpd4,High_binding
Krit1,High_binding
Zeb1,High_binding
Gpi1,High_binding
BC005537,High_binding
Dmwd,High_binding
Mink1,High_binding
Xpo1,High_binding
Ikzf5,High_binding
Ncdn,High_binding
Extl3,High_binding
Nlgn3,High_binding
Papola,High_binding
Ptchd1,High_binding
Tmem151b,High_binding
Sepp1,High_binding
Ppp1r13b,High_binding
Tbl1xr1,High_binding
Cdk12,High_binding
Ipo13,High_binding
Stk25,High_binding
Caskin1,High_binding
Atf7ip,High_binding
Taf4b,High_binding
Wiz,High_binding
Mras,High_binding
Mast3,High_binding
Bcl9l,High_binding
Gatad1,High_binding
Arhgef11,High_binding
Efr3a,High_binding
Rab11fip3,High_binding
Akap10,High_binding
Ogt,High_binding
Msl1,High_binding
Prkag2,High_binding
Chd8,High_binding
Rmi1,High_binding
Polr2m,High_binding
Cand1,High_binding
Zfp800,High_binding
Pcdh17,High_binding
Zfp651,High_binding
Trim24,High_binding
Ftl1,High_binding
Gramd1b,High_binding
Scd1,High_binding
Ssh2,High_binding
Rimbp2,High_binding
Bag6,High_binding
E430025E21Rik,High_binding
Adrbk2,High_binding
Zfp609,High_binding
Ap2a1,High_binding
Kcna1,High_binding
Tmem131,High_binding
Sbno1,High_binding
Zcchc14,High_binding
Rragd,High_binding
Pnrc1,High_binding
Cacna1b,High_binding
Cdc27,High_binding
Zfp385b,High_binding
Slc4a3,High_binding
Pbx1,High_binding
Elk4,High_binding
Mgll,High_binding
Usp12,High_binding
Pi4kb,High_binding
Gpr158,High_binding
Cdh2,High_binding
Mef2c,High_binding
Ubn1,High_binding
Eif3f,High_binding
Kat6a,High_binding
St3gal2,High_binding
Myo7a,High_binding
Trappc8,High_binding
Src,High_binding
Pcdh19,High_binding
Wasf3,High_binding
Prdm2,High_binding
Wapl,High_binding
Akt1,High_binding
Sos2,High_binding
Zhx3,High_binding
Sec24a,High_binding
Ext1,High_binding
Speg,High_binding
Ptbp3,High_binding
Csnk1g3,High_binding
Zbtb38,High_binding
Hdac4,High_binding
Plekhg1,High_binding
Klf5,High_binding
Pds5a,High_binding
Tnks,High_binding
Zfp142,High_binding
Cep295,High_binding
Zzef1,High_binding
Epg5,High_binding
Maz,High_binding
Smarca4,High_binding
Sec24b,High_binding
Atg2b,High_binding
Mllt6,High_binding
Ankib1,High_binding
Ttll5,High_binding
Dnm1,High_binding
Rtn3,High_binding
Lrrn3,High_binding
Dido1,High_binding
Dennd1a,High_binding
Arid5b,High_binding
Sf3b1,High_binding
Dgkh,High_binding
Pip4k2a,High_binding
Pcdh7,High_binding
Dscaml1,High_binding
Hmgxb3,High_binding
Trim2,High_binding
C2cd3,High_binding
Nova1,High_binding
Tpt1,High_binding
Reps1,High_binding
Sh3rf1,High_binding
Csnk1e,High_binding
Homer1,High_binding
Rhot2,High_binding
Csde1,High_binding
Mgat4b,High_binding
Lrba,High_binding
Dcaf5,High_binding
Picalm,High_binding
Pde4dip,High_binding
4930402H24Rik,High_binding
Ubqln2,High_binding
Bzrap1,High_binding
Aqr,High_binding
Trerf1,High_binding
Setd2,High_binding
Strn4,High_binding
Actn4,High_binding
Gna12,High_binding
Ptprg,High_binding
Kidins220,High_binding
Socs5,High_binding
Map4k3,High_binding
Polr2a,High_binding
Senp6,High_binding
Elmo1,High_binding
Nufip2,High_binding
Setd7,High_binding
Ago3,High_binding
Sema6a,High_binding
Ugp2,High_binding
Pip4k2b,High_binding
Ppp2r5b,High_binding
Kat6b,High_binding
Rai1,High_binding
Myo10,High_binding
Fyn,High_binding
Zfp532,High_binding
Plekha3,High_binding
Ogfrl1,High_binding
Rif1,High_binding
Cask,High_binding
Ehmt2,High_binding
Rims3,High_binding
Fat4,High_binding
Sympk,High_binding
Vps35,High_binding
Arpp21,High_binding
Arfgef2,High_binding
Usp27x,High_binding
Prdm4,High_binding
Asxl3,High_binding
Fam208a,High_binding
Fam13c,High_binding
Hmbox1,High_binding
Synpo,High_binding
Tmem178b,High_binding
Cdc42bpb,High_binding
Csnk2a1,High_binding
Uso1,High_binding
Tbr1,High_binding
Prex1,High_binding
Uba1,High_binding
Nr4a3,High_binding
Rbm27,High_binding
Glul,High_binding
Phactr3,High_binding
Jund,High_binding
Pias2,High_binding
Gabrb3,High_binding
Rnf11,High_binding
Epb41,High_binding
Ppp4r4,High_binding
Tln1,High_binding
Fam160a2,High_binding
Sgk1,High_binding
Chd4,High_binding
Cul4b,High_binding
Cadps,High_binding
Xpot,High_binding
Fut9,High_binding
Nrsn1,High_binding
Nrxn3,High_binding
Akap9,High_binding
Mef2a,High_binding
Tmem94,High_binding
Rgl1,High_binding
Snrnp200,High_binding
Pxk,High_binding
Rabl6,High_binding
Slc39a10,High_binding
Bcl11a,High_binding
Mapk8ip3,High_binding
Ppp2r5e,High_binding
Flna,High_binding
Asic2,High_binding
Uba52,High_binding
Cenpb,High_binding
Map3k5,High_binding
Setd3,High_binding
Cab39l,High_binding
Dclk2,High_binding
Cacul1,High_binding
Ppp6r1,High_binding
Synj2,High_binding
Sema6d,High_binding
Cdkl4,High_binding
Brinp2,High_binding
Ubtd2,High_binding
Etl4,High_binding
Fam65a,High_binding
Srgap2,High_binding
Enc1,High_binding
Gsk3a,High_binding
Nrxn2,High_binding
Celf2,High_binding
Atp1a3,High_binding
Scaf11,High_binding
Lrrtm3,High_binding
Cep350,High_binding
Mark2,High_binding
Adcy8,High_binding
Zfp384,High_binding
Aebp2,High_binding
Magi3,High_binding
Lrrn2,High_binding
Whrn,High_binding
Agfg1,High_binding
Peg10,High_binding
Cdc73,High_binding
Fam102a,High_binding
Rab11fip2,High_binding
Zbtb33,High_binding
Mapk1,High_binding
Plk2,High_binding
Kat7,High_binding
Atp5b,High_binding
Rtn1,High_binding
Tpr,High_binding
Map4,High_binding
Ctxn1,High_binding
Fxr2,High_binding
Kif21a,High_binding
Arhgef28,High_binding
Fam120c,High_binding
Fzd3,High_binding
Cul9,High_binding
Ppfia3,High_binding
Car10,High_binding
D830031N03Rik,High_binding
6030419C18Rik,High_binding
Pgbd5,High_binding
Kcnq2,High_binding
Zfp523,High_binding
Ewsr1,High_binding
Ice1,High_binding
Magee1,High_binding
Vps54,High_binding
Daam2,High_binding
Arhgap23,High_binding
Zer1,High_binding
Srgap1,High_binding
Chst8,High_binding
Zfp638,High_binding
Diaph1,High_binding
Atp6v0a1,High_binding
Dpy19l1,High_binding
4931406P16Rik,High_binding
Atad2b,High_binding
Mphosph9,High_binding
Ccni,High_binding
Cse1l,High_binding
Rab6b,High_binding
Mvb12b,High_binding
Mapkbp1,High_binding
Kdm2a,High_binding
Wwc1,High_binding
Ascc3,High_binding
Tbc1d16,High_binding
Fbxl3,High_binding
Dmtf1,High_binding
Cst3,High_binding
Zxdb,High_binding
Vps37a,High_binding
Shisa6,High_binding
Manea,High_binding
Hecw2,High_binding
Ubl3,High_binding
Galnt11,High_binding
Lrrc8c,High_binding
Zfp451,High_binding
Msl2,High_binding
Zfp592,High_binding
Pom121,High_binding
Cabin1,High_binding
Evi5,High_binding
Mtmr12,High_binding
Zfp758,High_binding
Clcn3,High_binding
Sipa1l2,High_binding
Zfp710,High_binding
Map4k4,High_binding
Usp22,High_binding
Mapk4,High_binding
Clic4,High_binding
Zfp654,High_binding
Smek1,High_binding
Camk2b,High_binding
Nup214,High_binding
Qrich1,High_binding
Mllt10,High_binding
Plekha5,High_binding
Fcho1,High_binding
Homer2,High_binding
Suz12,High_binding
Vcpip1,High_binding
Spns2,High_binding
Atrx,High_binding
C87436,High_binding
Fbxl5,High_binding
Uba6,High_binding
1110037F02Rik,High_binding
Pygo1,High_binding
Rpgrip1l,High_binding
Itpr2,High_binding
Dhx9,High_binding
Zc3h12b,High_binding
Smek2,High_binding
Tmf1,High_binding
Dapk1,High_binding
Adar,High_binding
Phf2,High_binding
Fat1,High_binding
Dact3,High_binding
Gtf2i,High_binding
Slf1,High_binding
Ehbp1,High_binding
D630045J12Rik,High_binding
Hnrnpul1,High_binding
Cadps2,High_binding
Cpeb2,High_binding
Wasf1,High_binding
Rptor,High_binding
Rftn2,High_binding
Ankfy1,High_binding
Plekhb1,High_binding
Srf,High_binding
Nova2,High_binding
Dzip3,High_binding
Adgrb3,High_binding
Cbfa2t3,High_binding
Kif2a,High_binding
Scaf8,High_binding
Arhgap29,High_binding
Rps2,High_binding
Per3,High_binding
Herc3,High_binding
Lats1,High_binding
Cacna1c,High_binding
Rps26,High_binding
Mbnl2,High_binding
Foxo1,High_binding
Enpp2,High_binding
Irs2,High_binding
Tenm1,High_binding
Olfm1,High_binding
Mapk9,High_binding
Atp13a3,High_binding
Luzp1,High_binding
Zfp335,High_binding
Atrnl1,High_binding
Nomo1,High_binding
Clu,High_binding
Phf3,High_binding
Itch,High_binding
C2cd5,High_binding
Arhgef2,High_binding
Med1,High_binding
Armcx1,High_binding
Pik3c2b,High_binding
Abi1,High_binding
Pias1,High_binding
Setbp1,High_binding
Rhobtb2,High_binding
Zbtb18,High_binding
Ubr1,High_binding
Cramp1l,High_binding
Stag2,High_binding
Smad2,High_binding
Hif1a,Low_binding
Ncoa3,Low_binding
Slc36a4,Low_binding
Gpam,Low_binding
Ahcyl1,Low_binding
Zfp292,Low_binding
Ptk2b,Low_binding
Atp13a2,Low_binding
2310035C23Rik,Low_binding
Phc3,Low_binding
Spata2,Low_binding
Pcdhgc3,Low_binding
Plcl1,Low_binding
Egr3,Low_binding
Mctp1,Low_binding
Daam1,Low_binding
Wdr44,Low_binding
Bicd1,Low_binding
Zfp280c,Low_binding
Phlpp2,Low_binding
Rnf123,Low_binding
Gprin1,Low_binding
Ubn2,Low_binding
Med23,Low_binding
Ythdf3,Low_binding
Snx27,Low_binding
Elfn2,Low_binding
Fastk,Low_binding
Foxo3,Low_binding
Mark1,Low_binding
Ncoa7,Low_binding
Mpped1,Low_binding
Smarcd1,Low_binding
Cbarp,Low_binding
Ipo8,Low_binding
Ccp110,Low_binding
Nploc4,Low_binding
Ap1g1,Low_binding
Pdzd4,Low_binding
Sp4,Low_binding
Mtmr2,Low_binding
Rfx3,Low_binding
Exoc5,Low_binding
Camk2d,Low_binding
Supt6,Low_binding
Jade2,Low_binding
Fam107a,Low_binding
Cdh22,Low_binding
Slc6a8,Low_binding
Dvl3,Low_binding
Papd7,Low_binding
Zfpm2,Low_binding
Mast4,Low_binding
Rab31,Low_binding
Scrib,Low_binding
Arnt2,Low_binding
Tanc1,Low_binding
Kat5,Low_binding
Syn2,Low_binding
Rragc,Low_binding
Adgrb1,Low_binding
Ano3,Low_binding
Tsc22d1,Low_binding
Abhd17a,Low_binding
Map4k5,Low_binding
Cntnap1,Low_binding
Lgi1,Low_binding
Kcnh3,Low_binding
Nr1h2,Low_binding
Cpeb3,Low_binding
Ppp1r12b,Low_binding
Npas3,Low_binding
Copg2,Low_binding
Senp7,Low_binding
Phkb,Low_binding
Klhl23,Low_binding
Itfg1,Low_binding
Brpf3,Low_binding
Rlf,Low_binding
Ankrd50,Low_binding
Mllt4,Low_binding
Vwa8,Low_binding
Mlh3,Low_binding
Zdhhc14,Low_binding
Eif4enif1,Low_binding
Alms1,Low_binding
5330417C22Rik,Low_binding
Sept5,Low_binding
Zfp831,Low_binding
Dyrk1b,Low_binding
Focad,Low_binding
Plcl2,Low_binding
Depdc5,Low_binding
Trp53bp1,Low_binding
Scn1b,Low_binding
Usp42,Low_binding
Nup98,Low_binding
Larp4b,Low_binding
Ttyh1,Low_binding
Szt2,Low_binding
Ahdc1,Low_binding
Brd2,Low_binding
Map3k9,Low_binding
Rhot1,Low_binding
Hdlbp,Low_binding
Cpe,Low_binding
Atp2b1,Low_binding
Ranbp9,Low_binding
Ubqln1,Low_binding
Lpin2,Low_binding
Kctd3,Low_binding
Mbd3,Low_binding
Sec31a,Low_binding
Brinp3,Low_binding
Pak6,Low_binding
Phka1,Low_binding
Thoc2,Low_binding
Pogz,Low_binding
Aqp11,Low_binding
Zswim8,Low_binding
Atp9a,Low_binding
Mcf2l,Low_binding
Ddhd1,Low_binding
Carm1,Low_binding
Plaa,Low_binding
Tbc1d20,Low_binding
Dgkd,Low_binding
Stac2,Low_binding
2410089E03Rik,Low_binding
Jak1,Low_binding
Garnl3,Low_binding
Gas2l1,Low_binding
Med25,Low_binding
Kdm7a,Low_binding
Dhx57,Low_binding
Ipo11,Low_binding
Tacc2,Low_binding
Rapgef5,Low_binding
Tmem230,Low_binding
Ryk,Low_binding
Sugp2,Low_binding
Scaf4,Low_binding
Fnbp1,Low_binding
Ccm2,Low_binding
Dclk1,Low_binding
Add2,Low_binding
Spast,Low_binding
Upf2,Low_binding
Aktip,Low_binding
Pde10a,Low_binding
Oxr1,Low_binding
Tnik,Low_binding
Setd1a,Low_binding
Flrt2,Low_binding
Ctc1,Low_binding
Slc44a1,Low_binding
Ralgapa2,Low_binding
Tnr,Low_binding
Ubqln4,Low_binding
Atp11a,Low_binding
Rgmb,Low_binding
Taok2,Low_binding
Mtmr6,Low_binding
Fam171a1,Low_binding
Hnrnpl,Low_binding
Dennd2a,Low_binding
Dock7,Low_binding
Myrip,Low_binding
Rbfox3,Low_binding
Josd1,Low_binding
Tef,Low_binding
Tnrc6a,Low_binding
Gabbr2,Low_binding
Per1,Low_binding
Tnrc6c,Low_binding
Nrg3,Low_binding
Ptprz1,Low_binding
Samd4,Low_binding
Top2b,Low_binding
Tet2,Low_binding
Gtf3c1,Low_binding
Klhl24,Low_binding
Smchd1,Low_binding
Fam178a,Low_binding
Slitrk1,Low_binding
Dbi,Low_binding
Kcmf1,Low_binding
Calm1,Low_binding
Ankhd1,Low_binding
Matr3,Low_binding
Atg13,Low_binding
Ptprf,Low_binding
Zmym1,Low_binding
Scnn1a,Low_binding
Sf1,Low_binding
Snx25,Low_binding
Gnpat,Low_binding
Dok6,Low_binding
Csrp2bp,Low_binding
Fam155a,Low_binding
Llgl1,Low_binding
Tab3,Low_binding
Dip2a,Low_binding
Zfc3h1,Low_binding
Pdxdc1,Low_binding
Iars,Low_binding
Phc1,Low_binding
Pcbp2,Low_binding
Zc3h6,Low_binding
Fem1c,Low_binding
Clk2,Low_binding
Btbd6,Low_binding
Ncs1,Low_binding
Pitpnm3,Low_binding
Sec24d,Low_binding
Abl2,Low_binding
Wdr47,Low_binding
Cacna1d,Low_binding
Plekhh1,Low_binding
Ank1,Low_binding
Tsc22d2,Low_binding
Ptpn3,Low_binding
Ctnna2,Low_binding
Trpc1,Low_binding
Paip1,Low_binding
Aida,Low_binding
Adnp2,Low_binding
Lrrc41,Low_binding
Gclm,Low_binding
Stard10,Low_binding
Ajap1,Low_binding
Whsc1,Low_binding
Fndc3a,Low_binding
Golga7b,Low_binding
Magi1,Low_binding
Chrm1,Low_binding
Atg3,Low_binding
Dennd4c,Low_binding
Pafah1b1,Low_binding
Usp46,Low_binding
Kdm6a,Low_binding
Rexo1,Low_binding
Zswim6,Low_binding
Parg,Low_binding
Strn3,Low_binding
Trhde,Low_binding
Dennd1b,Low_binding
Apbb2,Low_binding
Slc12a2,Low_binding
Fryl,Low_binding
Lrrc58,Low_binding
Pde1b,Low_binding
Megf9,Low_binding
Atxn2l,Low_binding
Ppip5k1,Low_binding
Vps26b,Low_binding
Stk11,Low_binding
Kat2b,Low_binding
Rbfox1,Low_binding
Dtx4,Low_binding
Usp54,Low_binding
S100pbp,Low_binding
Neurod6,Low_binding
Med16,Low_binding
Ctbp1,Low_binding
Usp53,Low_binding
Chml,Low_binding
Rpl4,Low_binding
Nup205,Low_binding
Sidt2,Low_binding
Eef1a2,Low_binding
Cep104,Low_binding
Mark3,Low_binding
Mff,Low_binding
Tmeff2,Low_binding
Pld3,Low_binding
Cyth1,Low_binding
Kcna2,Low_binding
Bcor,Low_binding
Stag1,Low_binding
Mtf1,Low_binding
Dlg5,Low_binding
Syt16,Low_binding
Nrcam,Low_binding
Pdgfa,Low_binding
Ints1,Low_binding
Nadk,Low_binding
Slitrk4,Low_binding
Tox,Low_binding
Cyfip1,Low_binding
Ddx24,Low_binding
Kcnh1,Low_binding
B4galt2,Low_binding
Smap1,Low_binding
Slc45a4,Low_binding
Ppp2cb,Low_binding
Atp8b2,Low_binding
Fgf12,Low_binding
Maged1,Low_binding
Osbpl6,Low_binding
Vps41,Low_binding
Opa1,Low_binding
Phf12,Low_binding
Nrxn1,Low_binding
Dsel,Low_binding
Abhd17c,Low_binding
Kpnb1,Low_binding
Dtna,Low_binding
Lrfn3,Low_binding
Eps8,Low_binding
Zfp281,Low_binding
Zfp772,Low_binding
Zfp865,Low_binding
Klhdc3,Low_binding
Fam120b,Low_binding
Trim8,Low_binding
Gprasp1,Low_binding
Sept8,Low_binding
Ablim1,Low_binding
Fbxw7,Low_binding
2210408I21Rik,Low_binding
Ino80,Low_binding
Klf13,Low_binding
Cln5,Low_binding
Zzz3,Low_binding
Ddx5,Low_binding
Zbtb7a,Low_binding
Parp8,Low_binding
Dctn1,Low_binding
Csnk1a1,Low_binding
Ppp1cb,Low_binding
Ahctf1,Low_binding
Epn2,Low_binding
Tmem44,Low_binding
Nphp1,Low_binding
Phf24,Low_binding
Purg,Low_binding
Slk,Low_binding
Cnot2,Low_binding
Tmem246,Low_binding
Sh3d19,Low_binding
Kcnc1,Low_binding
Exoc6,Low_binding
Fermt2,Low_binding
Csnk2a2,Low_binding
Ablim2,Low_binding
Gapvd1,Low_binding
2700094K13Rik,Low_binding
Limk2,Low_binding
Ttc28,Low_binding
Mamld1,Low_binding
Drp2,Low_binding
Agpat3,Low_binding
Nr1d1,Low_binding
Atp8a1,Low_binding
Cnot6,Low_binding
Zfp362,Low_binding
Smurf1,Low_binding
Robo1,Low_binding
Mn1,Low_binding
Neurl1b,Low_binding
Ncapd3,Low_binding
Fam81a,Low_binding
Kcnj11,Low_binding
Man1a2,Low_binding
Celsr3,Low_binding
Taf15,Low_binding
Yme1l1,Low_binding
Cnnm1,Low_binding
Zfp386,Low_binding
Txndc11,Low_binding
A230046K03Rik,Low_binding
Pcmtd1,Low_binding
Adcy3,Low_binding
Irak1,Low_binding
Dhx30,Low_binding
Hmgcs1,Low_binding
Cog5,Low_binding
Diaph2,Low_binding
Foxk1,Low_binding
Cacna1h,Low_binding
Elfn1,Low_binding
Rpl13,Low_binding
Mdn1,Low_binding
Elmo2,Low_binding
Smg5,Low_binding
Mkl1,Low_binding
Ccdc85a,Low_binding
Osbpl8,Low_binding
Smarcc1,Low_binding
Vezt,Low_binding
Zfp318,Low_binding
Gmcl1,Low_binding
Plk3,Low_binding
Cpt1c,Low_binding
Zmynd8,Low_binding
Rora,Low_binding
Rps25,Low_binding
Enah,Low_binding
Ireb2,Low_binding
Mfsd6,Low_binding
Zfp946,Low_binding
Clip4,Low_binding
Nt5dc3,Low_binding
Tbck,Low_binding
Atg2a,Low_binding
Sacm1l,Low_binding
Cdk2ap1,Low_binding
Rnf208,Low_binding
Pak1,Low_binding
Spred2,Low_binding
Dvl1,Low_binding
Usp33,Low_binding
Zfp37,Low_binding
Gon4l,Low_binding
Papd5,Low_binding
Asxl2,Low_binding
Dpp9,Low_binding
Slc25a39,Low_binding
Phtf1,Low_binding
Xpo4,Low_binding
Taf1,Low_binding
Farsb,Low_binding
Tiparp,Low_binding
Cpeb4,Low_binding
Rapgef6,Low_binding
Set,Low_binding
Vkorc1l1,Low_binding
Rpl18a,Low_binding
Mgat5,Low_binding
Prepl,Low_binding
Rpl23a,Low_binding
Limch1,Low_binding
Rnf14,Low_binding
Slc25a46,Low_binding
Gak,Low_binding
Usp38,Low_binding
Trank1,Low_binding
Mrpl37,Low_binding
Kif1c,Low_binding
Gcc2,Low_binding
Vps39,Low_binding
Gfap,Low_binding
A830010M20Rik,Low_binding
Wipi2,Low_binding
Foxg1,Low_binding
Cnp,Low_binding
Srp72,Low_binding
Nbas,Low_binding
Bdp1,Low_binding
Plce1,Low_binding
Mapk10,Low_binding
Med12,Low_binding
Trpm3,Low_binding
Klhl2,Low_binding
Mtmr4,Low_binding
Csrnp3,Low_binding
Gabra1,Low_binding
Usp45,Low_binding
Wdr48,Low_binding
Itsn2,Low_binding
Pkd1,Low_binding
Fmnl1,Low_binding
Mgat3,Low_binding
Fmn1,Low_binding
Hs2st1,Low_binding
Apoe,Low_binding
Abcd2,Low_binding
Nrgn,Low_binding
Coro2a,Low_binding
Fhod3,Low_binding
Rpl10,Low_binding
Dgkb,Low_binding
Pde4b,Low_binding
Baz1b,Low_binding
Glud1,Low_binding
Uspl1,Low_binding
Hepacam,Low_binding
Cacng3,Low_binding
Plekhm1,Low_binding
Sulf2,Low_binding
Pnpla6,Low_binding
Nol4l,Low_binding
Nek9,Low_binding
Gnl1,Low_binding
Tdrd7,Low_binding
Slx4,Low_binding
Naf1,Low_binding
Lrrc16a,Low_binding
Slitrk2,Low_binding
Abhd12,Low_binding
Lsm12,Low_binding
Cox14,Low_binding
Phrf1,Low_binding
Tatdn2,Low_binding
Orc4,Low_binding
Kcnip2,Low_binding
Sdc3,Low_binding
Nf2,Low_binding
Bcl11b,Low_binding
Dcaf12,Low_binding
Lgr4,Low_binding
Smcr8,Low_binding
Phc2,Low_binding
Rasgef1b,Low_binding
Agpat1,Low_binding
Dnm1l,Low_binding
Bcorl1,Low_binding
Vwc2l,Low_binding
Gpr22,Low_binding
Rmnd5a,Low_binding
Gatsl2,Low_binding
Gal3st3,Low_binding
Tlk2,Low_binding
Fut8,Low_binding
Cul1,Low_binding
Znfx1,Low_binding
Mtmr9,Low_binding
Plekha6,Low_binding
Lztr1,Low_binding
Ptov1,Low_binding
Dchs1,Low_binding
Lingo2,Low_binding
Hdac9,Low_binding
Dlg3,Low_binding
Chn1,Low_binding
Zfp53,Low_binding
Ddb1,Low_binding
Sppl2a,Low_binding
Heg1,Low_binding
Bod1l,Low_binding
Zfyve26,Low_binding
Rpl15,Low_binding
Tmem184b,Low_binding
Hectd2,Low_binding
Fbxw5,Low_binding
Ptpa,Low_binding
Ggps1,Low_binding
Phf20,Low_binding
Trappc6b,Low_binding
Ablim3,Low_binding
Ap3d1,Low_binding
Tnfrsf21,Low_binding
Utp20,Low_binding
Phyhip,Low_binding
Fgfr1,Low_binding
Ubr2,Low_binding
Uhmk1,Low_binding
Zdhhc4,Low_binding
Rassf2,Low_binding
Zfp846,Low_binding
Nwd1,Low_binding
Scyl1,Low_binding
Osbpl1a,Low_binding
Osbp2,Low_binding
Arhgef9,Low_binding
Tmcc1,Low_binding
Nacad,Low_binding
Atr,Low_binding
Pitrm1,Low_binding
Trp53bp2,Low_binding
Rpl3,Low_binding
Rpl13a,Low_binding
Rgma,Low_binding
Rsbn1,Low_binding
Cbx6,Low_binding
Avl9,Low_binding
Eif3a,Low_binding
Sdccag3,Low_binding
Kdm5c,Low_binding
Rnasek,Low_binding
Tle4,Low_binding
Acox3,Low_binding
Chrm3,Low_binding
Chd9,Low_binding
Frmpd3,Low_binding
Cpxm1,Low_binding
Shprh,Low_binding
Kat2a,Low_binding
Cyb5r4,Low_binding
Slc35a5,Low_binding
Hace1,Low_binding
Tubgcp3,Low_binding
Ube2e3,Low_binding
Ints8,Low_binding
Tnpo1,Low_binding
Nfe2l1,Low_binding
Ptpn13,Low_binding
Exoc4,Low_binding
Rad17,Low_binding
Kcnc4,Low_binding
Ralgps2,Low_binding
Rubcn,Low_binding
Xpo5,Low_binding
Abcd3,Low_binding
Ppp6r2,Low_binding
Rpl12,Low_binding
Specc1l,Low_binding
Smc6,Low_binding
Lrfn5,Low_binding
Zcchc11,Low_binding
Chm,Low_binding
Acsl3,Low_binding
Naa60,Low_binding
Zfp827,Low_binding
Syne1,Low_binding
Clptm1,Low_binding
Tle3,Low_binding
Adcy9,Low_binding
Add1,Low_binding
Ppp1r21,Low_binding
Stk24,Low_binding
Prkca,Low_binding
Nav2,Low_binding
Sec22a,Low_binding
Frs3,Low_binding
Fam65b,Low_binding
Igf1r,Low_binding
Dpysl2,Low_binding
Samd8,Low_binding
Trpc4ap,Low_binding
Lin54,Low_binding
Lrp6,Low_binding
Lrrn1,Low_binding
Scai,Low_binding
3110052M02Rik,Low_binding
Hsp90ab1,Low_binding
Nfib,Low_binding
Fbxw11,Low_binding
Abcb7,Low_binding
Prickle1,Low_binding
Mpp5,Low_binding
Tmem8b,Low_binding
Zbtb25,Low_binding
Eif5a2,Low_binding
Zfp608,Low_binding
Mpdz,Low_binding
Mroh1,Low_binding
Prkcg,Low_binding
Gfod1,Low_binding
Epb41l2,Low_binding
Slc24a2,Low_binding
Ank,Low_binding
Rabgap1,Low_binding
Dhx36,Low_binding
Ppm1a,Low_binding
Desi1,Low_binding
Eml2,Low_binding
Mtus2,Low_binding
Kcna3,Low_binding
Cdkl3,Low_binding
Cdh8,Low_binding
Adap1,Low_binding
Gpd2,Low_binding
Tbc1d5,Low_binding
Arid4b,Low_binding
Pik3r2,Low_binding
Orc3,Low_binding
Sema6b,Low_binding
Topbp1,Low_binding
Mex3c,Low_binding
B4galnt4,Low_binding
Prdm11,Low_binding
Mzt1,Low_binding
Atat1,Low_binding
St8sia3,Low_binding
Cdk17,Low_binding
Dyrk2,Low_binding
Kdm5b,Low_binding
Scaper,Low_binding
Trip11,Low_binding
Erc2,Low_binding
Hnrnpul2,Low_binding
Bcl7c,Low_binding
Mlip,Low_binding
Ppfia2,Low_binding
Cul2,Low_binding
Necab2,Low_binding
D8Ertd82e,Low_binding
Carf,Low_binding
Amph,Low_binding
Mbnl1,Low_binding
Pcif1,Low_binding
Celf5,Low_binding
Eif3e,Low_binding
Gatad2a,Low_binding
Grm4,Low_binding
Acvr1b,Low_binding
Usp25,Low_binding
Minpp1,Low_binding
4930453N24Rik,Low_binding
Gpatch8,Low_binding
Ambra1,Low_binding
Mbtps1,Low_binding
Suds3,Low_binding
Vprbp,Low_binding
Pcnt,Low_binding
Zfp64,Low_binding
Lonrf2,Low_binding
Mau2,Low_binding
Tomm70a,Low_binding
Smg8,Low_binding
Rere,Low_binding
Arf3,Low_binding
Pja2,Low_binding
Tspan5,Low_binding
Tub,Low_binding
Nab1,Low_binding
Kdm3b,Low_binding
Cdkl2,Low_binding
Tbc1d8b,Low_binding
Rpl29,Low_binding
Bclaf1,Low_binding
Cnot7,Low_binding
Nt5c2,Low_binding
Zmym3,Low_binding
Zranb1,Low_binding
0610010F05Rik,Low_binding
Hspa8,Low_binding
Cdc123,Low_binding
Slc25a12,Low_binding
Klhl9,Low_binding
Ak3,Low_binding
Cdc37l1,Low_binding
Dse,Low_binding
Cacna2d1,Low_binding
Ankrd13b,Low_binding
Tubgcp4,Low_binding
Tubgcp6,Low_binding
Tpp2,Low_binding
Pkn2,Low_binding
Ntrk2,Low_binding
Baz2b,Low_binding
Ezh1,Low_binding
Tbc1d32,Low_binding
Iqgap2,Low_binding
Cdh12,Low_binding
Ptprn,Low_binding
Gatad2b,Low_binding
Slit2,Low_binding
Prpf4b,Low_binding
Kcnq5,Low_binding
Dgkg,Low_binding
Uty,Low_binding
Ndrg3,Low_binding
Slmap,Low_binding
Rab23,Low_binding
Pink1,Low_binding
Dpp10,Low_binding
Spg11,Low_binding
Golgb1,Low_binding
S1pr1,Low_binding
Zfp51,Low_binding
Plch1,Low_binding
Ctdnep1,Low_binding
Pea15a,Low_binding
Cldn11,Low_binding
Dock11,Low_binding
Neo1,Low_binding
Aes,Low_binding
Rps6ka6,Low_binding
Mgat5b,Low_binding
Yeats4,Low_binding
Rpl9,Low_binding
Kbtbd2,Low_binding
Pgr,Low_binding
Epm2aip1,Low_binding
Hlf,Low_binding
Fam49b,Low_binding
Thada,Low_binding
Tsc1,Low_binding
Ephx4,Low_binding
Armcx4,Low_binding
Kras,Low_binding
Rab11fip4,Low_binding
Xrn1,Low_binding
Mib1,Low_binding
Kctd13,Low_binding
Skil,Low_binding
Snrk,Low_binding
Asxl1,Low_binding
Fcho2,Low_binding
Syt1,Low_binding
Psmd2,Low_binding
Kcnj3,Low_binding
Sypl,Low_binding
Nbr1,Low_binding
Raver2,Low_binding
Adipor1,Low_binding
Ddhd2,Low_binding
Ahi1,Low_binding
Klc1,Low_binding
Gclc,Low_binding
Fnip1,Low_binding
Gcn1l1,Low_binding
Fgf14,Low_binding
Tgfbrap1,Low_binding
Atcay,Low_binding
Nkrf,Low_binding
Pip5k1a,Low_binding
Rnf216,Low_binding
Phldb1,Low_binding
Ttc9,Low_binding
Disp2,Low_binding
Ccdc174,Low_binding
Rtn4r,Low_binding
Usp2,Low_binding
Tmbim1,Low_binding
Zfp788,Low_binding
Rpl37a,Low_binding
Soga1,Low_binding
Epb41l3,Low_binding
Arhgef26,Low_binding
Mlxip,Low_binding
Zmym6,Low_binding
St6galnac6,Low_binding
Dtnb,Low_binding
Rnf13,Low_binding
Smpd1,Low_binding
Eif2ak4,Low_binding
Ugt8a,Low_binding
D1Ertd622e,Low_binding
Rps10,Low_binding
E330009J07Rik,Low_binding
Ercc6l2,Low_binding
Ppp2r2d,Low_binding
Homez,Low_binding
Fam69a,Low_binding
Noct,Low_binding
Plch2,Low_binding
Ppp4r1,Low_binding
Cabp7,Low_binding
Vipas39,Low_binding
Fam63b,Low_binding
Tcerg1,Low_binding
Spop,Low_binding
Prmt8,Low_binding
Stau2,Low_binding
Taf3,Low_binding
Gga1,Low_binding
Smarcal1,Low_binding
Ptpn12,Low_binding
Nacc2,Low_binding
Rad23b,Low_binding
Tmem229a,Low_binding
Zfp62,Low_binding
Zfp944,Low_binding
Usmg5,Low_binding
Ints3,Low_binding
Tbcd,Low_binding
Thnsl1,Low_binding
Otud4,Low_binding
Plcd3,Low_binding
Ppp2r2a,Low_binding
Prmt5,Low_binding
Atp1a2,Low_binding
Ttll4,Low_binding
Slain1,Low_binding
Kl,Low_binding
Pura,Low_binding
Ap3b2,Low_binding
Fmr1,Low_binding
Ust,Low_binding
Hras,Low_binding
2900026A02Rik,Low_binding
Purb,Low_binding
Kcnab2,Low_binding
Srpk2,Low_binding
Pik3r4,Low_binding
Zxdc,Low_binding
Fam20b,Low_binding
Pcf11,Low_binding
Trpc4,Low_binding
Klhl22,Low_binding
Cog3,Low_binding
Rpgr,Low_binding
Lrp8,Low_binding
Vps53,Low_binding
St3gal5,Low_binding
Gal3st1,Low_binding
Plxnb2,Low_binding
Nup188,Low_binding
Arpc2,Low_binding
Ube2b,Low_binding
Pex5l,Low_binding
Mpnd,Low_binding
Eif2d,Low_binding
Phka2,Low_binding
Lrp1,Low_binding
Ints7,Low_binding
Fbrs,Low_binding
Lmo7,Low_binding
Elavl3,Low_binding
Nkain1,Low_binding
Mtrr,Low_binding
Zfp704,Low_binding
Cerk,Low_binding
Pou3f3,Low_binding
Cdk7,Low_binding
Rpl6,Low_binding
Actb,Low_binding
Capn15,Low_binding
Ryr3,Low_binding
Ppp2r1a,Low_binding
Tank,Low_binding
Crebrf,Low_binding
Bag4,Low_binding
Casp8ap2,Low_binding
C2cd2l,Low_binding
Naa15,Low_binding
Mpp6,Low_binding
Adgra3,Low_binding
Etv6,Low_binding
Dcaf11,Low_binding
Ppm1e,Low_binding
Repin1,Low_binding
Ranbp6,Low_binding
Rgs7bp,Low_binding
Eif2s2,Low_binding
Senp5,Low_binding
Scn3a,Low_binding
Fgd1,Low_binding
Mettl9,Low_binding
Clcn6,Low_binding
Rtn4rl1,Low_binding
B3galt2,Low_binding
Mios,Low_binding
Rps6ka3,Low_binding
Nup62,Low_binding
Adcy2,Low_binding
Thrap3,Low_binding
Zfp777,Low_binding
Nfic,Low_binding
Dnmt1,Low_binding
Akirin1,Low_binding
Ap3s2,Low_binding
Map6,Low_binding
Inpp5j,Low_binding
Pcdh1,Low_binding
Phip,Low_binding
Pdk2,Low_binding
Kcnh2,Low_binding
Brd7,Low_binding
Sh3rf3,Low_binding
Mapre3,Low_binding
Zswim5,Low_binding
Ntng1,Low_binding
Abhd4,Low_binding
Ankrd28,Low_binding
Unc13b,Low_binding
Eif5,Low_binding
Igsf21,Low_binding
Zbtb41,Low_binding
Fgfr3,Low_binding
Cops2,Low_binding
Zhx2,Low_binding
Flrt1,Low_binding
Slc4a10,Low_binding
Gnaz,Low_binding
Fam193a,Low_binding
Tom1l1,Low_binding
Rps17,Low_binding
Aasdh,Low_binding
Usp8,Low_binding
Nell2,Low_binding
Gldc,Low_binding
Tcf12,Low_binding
Crtc3,Low_binding
Nol6,Low_binding
Rpl39,Low_binding
Kif13b,Low_binding
Coro2b,Low_binding
Ctcf,Low_binding
Glcci1,Low_binding
Prkaa2,Low_binding
Tubgcp5,Low_binding
Elavl4,Low_binding
Hnrnpa3,Low_binding
Limk1,Low_binding
Zfand2a,Low_binding
Usp28,Low_binding
Lct,Low_binding
D430042O09Rik,Low_binding
Zfp871,Low_binding
Ccnt1,Low_binding
Pdp1,Low_binding
Fbxl2,Low_binding
Tns1,Low_binding
Camkk2,Low_binding
Ppfia4,Low_binding
Usp48,Low_binding
Cux1,Low_binding
Larp4,Low_binding
Celf3,Low_binding
Ophn1,Low_binding
Ubp1,Low_binding
Pou6f1,Low_binding
Unc5c,Low_binding
E130308A19Rik,Low_binding
Rasa3,Low_binding
Zfp790,Low_binding
Erbb3,Low_binding
Tle1,Low_binding
Tpst1,Low_binding
Mapkap1,Low_binding
Pank3,Low_binding
Rab3gap2,Low_binding
Ptpn5,Low_binding
Pam,Low_binding
Arl5a,Low_binding
Ip6k1,Low_binding
Ppp1r15b,Low_binding
Fam131b,Low_binding
Rad21,Low_binding
Zfp445,Low_binding
Sesn3,Low_binding
Eml1,Low_binding
Hnrnpu,Low_binding
Tbl1x,Low_binding
Ephb1,Low_binding
Tbc1d22a,Low_binding
Plcxd2,Low_binding
Rpl5,Low_binding
Tbc1d19,Low_binding
Lmtk3,Low_binding
Osbpl9,Low_binding
Ptprk,Low_binding
Npr2,Low_binding
Dcaf8,Low_binding
Exd2,Low_binding
Rbm6,Low_binding
Ergic1,Low_binding
Hspa4l,Low_binding
Tbc1d24,Low_binding
Atp5j,Low_binding
Inf2,Low_binding
Ttyh3,Low_binding
Raver1,Low_binding
Brwd1,Low_binding
Mtmr7,Low_binding
Ywhaz,Low_binding
Lpar1,Low_binding
Diexf,Low_binding
Klhl5,Low_binding
Elmod3,Low_binding
Ssh1,Low_binding
Copb1,Low_binding
Car2,Low_binding
Eif5b,Low_binding
Cnot3,Low_binding
Evi5l,Low_binding
Cbx8,Low_binding
Lrrc49,Low_binding
Pot1a,Low_binding
Cluh,Low_binding
Dstyk,Low_binding
Kcna4,Low_binding
Tcaf1,Low_binding
Rnf145,Low_binding
Ncl,Low_binding
Rpl27a,Low_binding
Ss18l1,Low_binding
Tspyl2,Low_binding
Map3k4,Low_binding
Aggf1,Low_binding
Ppp2r3c,Low_binding
Rab28,Low_binding
Pomgnt1,Low_binding
Pde1a,Low_binding
Mpped2,Low_binding
Ttc17,Low_binding
Atrn,Low_binding
Rps4x,Low_binding
Rbm26,Low_binding
Sin3a,Low_binding
Fundc2,Low_binding
Vezf1,Low_binding
Mcc,Low_binding
Foxo4,Low_binding
Mcm3ap,Low_binding
D5Ertd579e,Low_binding
Atp2b4,Low_binding
Hdac6,Low_binding
Gab2,Low_binding
Xkr4,Low_binding
Ercc3,Low_binding
Psmd1,Low_binding
Cdadc1,Low_binding
Tada2b,Low_binding
Zcchc2,Low_binding
Fbxo42,Low_binding
Ccar1,Low_binding
Mdm4,Low_binding
Kif26b,Low_binding
Cdh20,Low_binding
Tecpr2,Low_binding
Gna11,Low_binding
Zbed6,Low_binding
Acap3,Low_binding
Zcchc6,Low_binding
Camk2g,Low_binding
Ube2k,Low_binding
Rspry1,Low_binding
Inppl1,Low_binding
Vamp2,Low_binding
Caprin1,Low_binding
Poldip2,Low_binding
Pcid2,Low_binding
Grk6,Low_binding
Hnrnpk,Low_binding
Mdc1,Low_binding
Ppp2r5a,Low_binding
Pex6,Low_binding
Ddx42,Low_binding
Atp1b1,Low_binding
Ptpn9,Low_binding
Inpp5b,Low_binding
Actg1,Low_binding
Nol11,Low_binding
Rps8,Low_binding
Hip1r,Low_binding
Eftud2,Low_binding
Map3k13,Low_binding
Mllt3,Low_binding
Rasal1,Low_binding
Gtf3c3,Low_binding
March6,Low_binding
Arl8a,Low_binding
Dnm3,Low_binding
Kcnip3,Low_binding
Map1s,Low_binding
Bcl6,Low_binding
Apba2,Low_binding
Tceb3,Low_binding
Arhgdia,Low_binding
Tet3,Low_binding
Ptpn11,Low_binding
Fezf2,Low_binding
Traf6,Low_binding
9030624J02Rik,Low_binding
Sv2b,Low_binding
Tsg101,Low_binding
Atp2a2,Low_binding
Sowaha,Low_binding
Rbsn,Low_binding
Gapdh,Low_binding
Gria1,Low_binding
C1galt1,Low_binding
Kcnc3,Low_binding
Traf7,Low_binding
Casc3,Low_binding
Scyl2,Low_binding
Ncam2,Low_binding
Usp47,Low_binding
Aff1,Low_binding
Cmtm4,Low_binding
Fnip2,Low_binding
Rab27b,Low_binding
Ppp2ca,Low_binding
Tex10,Low_binding
Cdh18,Low_binding
Mgea5,Low_binding
Cds2,Low_binding
Ptpdc1,Low_binding
Satb2,Low_binding
Kcng1,Low_binding
Suv420h1,Low_binding
Ino80d,Low_binding
Qars,Low_binding
Bcas3,Low_binding
Ndor1,Low_binding
Tbkbp1,Low_binding
Kifap3,Low_binding
Camsap3,Low_binding
Sall2,Low_binding
Lonp2,Low_binding
Cers2,Low_binding
Tox3,Low_binding
Cnnm2,Low_binding
Car11,Low_binding
Hid1,Low_binding
Sirpa,Low_binding
Prdm10,Low_binding
Msmo1,Low_binding
Aplp1,Low_binding
Fam214b,Low_binding
Dpp6,Low_binding
Heca,Low_binding
Gpr137,Low_binding
Gpr162,Low_binding
Eif4a2,Low_binding
Tmod2,Low_binding
Fam160b1,Low_binding
Sel1l3,Low_binding
Angel2,Low_binding
Gdi1,Low_binding
Dcbld2,Low_binding
Bbx,Low_binding
Herpud2,Low_binding
Nup160,Low_binding
Gpt2,Low_binding
Grm7,Low_binding
Efnb2,Low_binding
Gabarap,Low_binding
Stum,Low_binding
Syt11,Low_binding
Azi2,Low_binding
Zfp639,Low_binding
Acly,Low_binding
Abat,Low_binding
Zfp251,Low_binding
Psd2,Low_binding
Hspa12a,Low_binding
Akap1,Low_binding
Etaa1,Low_binding
Tom1l2,Low_binding
Atxn7,Low_binding
Hk1,Low_binding
Tiam2,Low_binding
Abce1,Low_binding
Sec24c,Low_binding
Spata7,Low_binding
Zfp942,Low_binding
Wdr81,Low_binding
Dhx15,Low_binding
2310022A10Rik,Low_binding
Sort1,Low_binding
Fam13b,Low_binding
Rnf111,Low_binding
Asphd2,Low_binding
Atp10b,Low_binding
Gne,Low_binding
Def8,Low_binding
Cnot4,Low_binding
Rnf139,Low_binding
Slc4a8,Low_binding
Strn,Low_binding
Cbx5,Low_binding
Cry2,Low_binding
Foxn2,Low_binding
Gab1,Low_binding
Atp11b,Low_binding
Tox4,Low_binding
Prpf39,Low_binding
Amot,Low_binding
Wdr45b,Low_binding
Plppr4,Low_binding
Fam171a2,Low_binding
Bmpr1b,Low_binding
Pcdhb20,Low_binding
Synm,Low_binding
Edem1,Low_binding
Tubgcp2,Low_binding
Etv5,Low_binding
Strip1,Low_binding
Tbc1d1,Low_binding
Tmem88b,Low_binding
Crim1,Low_binding
Kctd20,Low_binding
N4bp2l2,Low_binding
Acox1,Low_binding
Gas6,Low_binding
Cpne4,Low_binding
Map3k3,Low_binding
Nmt2,Low_binding
Adgra1,Low_binding
Rps12,Low_binding
Crat,Low_binding
Numa1,Low_binding
Fam222b,Low_binding
Rgs7,Low_binding
March7,Low_binding
Rpl30,Low_binding
Ppp6r3,Low_binding
Zmym5,Low_binding
Nktr,Low_binding
Epha5,Low_binding
Vps8,Low_binding
Ets2,Low_binding
Sirt2,Low_binding
Kdm3a,Low_binding
Ric1,Low_binding
Gys1,Low_binding
Fam73a,Low_binding
Mllt1,Low_binding
Cntn1,Low_binding
Papolg,Low_binding
Abca3,Low_binding
Npepps,Low_binding
Armcx5,Low_binding
Gba2,Low_binding
Kdelr2,Low_binding
Trmt1l,Low_binding
Mtcl1,Low_binding
Elk1,Low_binding
Add3,Low_binding
Rngtt,Low_binding
Mgat4a,Low_binding
Sparcl1,Low_binding
Evl,Low_binding
Akt2,Low_binding
Kcnk2,Low_binding
Cog7,Low_binding
Fbxo10,Low_binding
Grid1,Low_binding
Emc3,Low_binding
Ankra2,Low_binding
Yy1,Low_binding
Cblb,Low_binding
Plxdc2,Low_binding
Fkbp15,Low_binding
Sez6l,Low_binding
Egr1,Low_binding
Kpna4,Low_binding
Klhl11,Low_binding
Il1r1,Low_binding
Atg4c,Low_binding
Nckipsd,Low_binding
Frmd4b,Low_binding
Wasl,Low_binding
Lrrc55,Low_binding
Zfp35,Low_binding
Baz2a,Low_binding
Caln1,Low_binding
Gtf2ird1,Low_binding
Ube2v2,Low_binding
Megf8,Low_binding
Slc35f4,Low_binding
Mynn,Low_binding
Ptpn14,Low_binding